DHB,population,latitude,longitude,date,total,new,active,recovered,deaths
Auckland,545640,-36.79148113,174.94061351,26/03/2020,45,0,,,
Auckland,545640,-36.79148113,174.94061351,27/03/2020,58,13,,,
Auckland,545640,-36.79148113,174.94061351,28/03/2020,64,6,,,
Auckland,545640,-36.79148113,174.94061351,29/03/2020,75,11,,,
Auckland,545640,-36.79148113,174.94061351,30/03/2020,91,16,,,
Auckland,545640,-36.79148113,174.94061351,31/03/2020,97,6,,,
Auckland,545640,-36.79148113,174.94061351,1/04/2020,104,7,,,
Auckland,545640,-36.79148113,174.94061351,2/04/2020,121,17,,,
Auckland,545640,-36.79148113,174.94061351,3/04/2020,121,0,,,
Auckland,545640,-36.79148113,174.94061351,4/04/2020,127,6,,,
Auckland,545640,-36.79148113,174.94061351,5/04/2020,137,10,,,
Auckland,545640,-36.79148113,174.94061351,6/04/2020,147,10,,,
Auckland,545640,-36.79148113,174.94061351,7/04/2020,153,6,,,
Auckland,545640,-36.79148113,174.94061351,8/04/2020,155,2,,,
Auckland,545640,-36.79148113,174.94061351,9/04/2020,159,4,,,
Auckland,545640,-36.79148113,174.94061351,10/04/2020,169,6,,,
Auckland,545640,-36.79148113,174.94061351,11/04/2020,173,4,,,
Auckland,545640,-36.79148113,174.94061351,12/04/2020,175,2,,,
Auckland,545640,-36.79148113,174.94061351,13/04/2020,176,1,,,
Auckland,545640,-36.79148113,174.94061351,14/04/2020,180,4,,,
Auckland,545640,-36.79148113,174.94061351,15/04/2020,182,2,,,
Auckland,545640,-36.79148113,174.94061351,16/04/2020,183,1,60,123,0
Auckland,545640,-36.79148113,174.94061351,17/04/2020,184,1,53,131,0
Auckland,545640,-36.79148113,174.94061351,18/04/2020,185,1,49,136,0
Auckland,545640,-36.79148113,174.94061351,19/04/2020,185,0,46,139,0
Auckland,545640,-36.79148113,174.94061351,20/04/2020,185,0,43,142,0
Auckland,545640,-36.79148113,174.94061351,21/04/2020,186,1,41,145,0
Auckland,545640,-36.79148113,174.94061351,22/04/2020,187,1,39,148,0
Auckland,545640,-36.79148113,174.94061351,23/04/2020,186,-1,37,149,0
Auckland,545640,-36.79148113,174.94061351,24/04/2020,183,-3,28,155,0
Auckland,545640,-36.79148113,174.94061351,25/04/2020,174,-9,26,148,0
Auckland,545640,-36.79148113,174.94061351,25/04/2020,175,1,26,149,0
Auckland,545640,-36.79148113,174.94061351,25/04/2020,175,1,26,149,0
Auckland,545640,-36.79148113,174.94061351,26/04/2020,175,1,26,149,0
Auckland,545640,-36.79148113,174.94061351,27/04/2020,175,0,25,150,0
Auckland,545640,-36.79148113,174.94061351,28/04/2020,173,-2,22,151,0
Auckland,545640,-36.79148113,174.94061351,29/04/2020,172,-1,22,150,0
Auckland,545640,-36.79148113,174.94061351,30/04/2020,173,1,22,151,0
Auckland,545640,-36.79148113,174.94061351,2/05/2020,178,3,24,154,0
Auckland,545640,-36.79148113,174.94061351,3/05/2020,178,0,24,154,0
Auckland,545640,-36.79148113,174.94061351,4/05/2020,178,0,26,152,0
Auckland,545640,-36.79148113,174.94061351,5/05/2020,177,-1,24,153,0
Auckland,545640,-36.79148113,174.94061351,6/05/2020,178,1,23,155,0
Auckland,545640,-36.79148113,174.94061351,7/05/2020,178,0,21,157,0
Auckland,545640,-36.79148113,174.94061351,8/05/2020,178,0,18,160,0
Auckland,545640,-36.79148113,174.94061351,9/05/2020,178,0,16,162,0
Auckland,545640,-36.79148113,174.94061351,10/05/2020,178,0,16,162,0
Auckland,545640,-36.79148113,174.94061351,11/05/2020,179,1,13,166,0
Auckland,545640,-36.79148113,174.94061351,12/05/2020,179,0,10,169,0
Auckland,545640,-36.79148113,174.94061351,13/05/2020,179,0,10,169,0
Auckland,545640,-36.79148113,174.94061351,14/05/2020,178,-1,7,171,0
Auckland,545640,-36.79148113,174.94061351,28/05/2020,178,0,2,176,0
Bay of Plenty,238380,-38.27821375,176.90391541,26/03/2020,3,0,,,
Bay of Plenty,238380,-38.27821375,176.90391541,27/03/2020,6,3,,,
Bay of Plenty,238380,-38.27821375,176.90391541,28/03/2020,10,4,,,
Bay of Plenty,238380,-38.27821375,176.90391541,29/03/2020,12,2,,,
Bay of Plenty,238380,-38.27821375,176.90391541,30/03/2020,11,-1,,,
Bay of Plenty,238380,-38.27821375,176.90391541,31/03/2020,15,4,,,
Bay of Plenty,238380,-38.27821375,176.90391541,1/04/2020,18,3,,,
Bay of Plenty,238380,-38.27821375,176.90391541,2/04/2020,28,10,,,
Bay of Plenty,238380,-38.27821375,176.90391541,3/04/2020,28,0,,,
Bay of Plenty,238380,-38.27821375,176.90391541,4/04/2020,30,2,,,
Bay of Plenty,238380,-38.27821375,176.90391541,5/04/2020,31,1,,,
Bay of Plenty,238380,-38.27821375,176.90391541,5/04/2020,32,1,,,
Bay of Plenty,238380,-38.27821375,176.90391541,6/04/2020,36,4,,,
Bay of Plenty,238380,-38.27821375,176.90391541,7/04/2020,38,2,,,
Bay of Plenty,238380,-38.27821375,176.90391541,8/04/2020,40,2,,,
Bay of Plenty,238380,-38.27821375,176.90391541,9/04/2020,39,-1,,,
Bay of Plenty,238380,-38.27821375,176.90391541,10/04/2020,42,3,,,
Bay of Plenty,238380,-38.27821375,176.90391541,11/04/2020,42,0,,,
Bay of Plenty,238380,-38.27821375,176.90391541,12/04/2020,41,-1,,,
Bay of Plenty,238380,-38.27821375,176.90391541,13/04/2020,41,0,,,
Bay of Plenty,238380,-38.27821375,176.90391541,14/04/2020,44,3,,,
Bay of Plenty,238380,-38.27821375,176.90391541,15/04/2020,44,0,15,29,0
Bay of Plenty,238380,-38.27821375,176.90391541,16/04/2020,44,0,14,30,0
Bay of Plenty,238380,-38.27821375,176.90391541,17/04/2020,45,1,13,32,0
Bay of Plenty,238380,-38.27821375,176.90391541,18/04/2020,45,0,13,32,0
Bay of Plenty,238380,-38.27821375,176.90391541,19/04/2020,46,1,13,33,0
Bay of Plenty,238380,-38.27821375,176.90391541,20/04/2020,47,1,14,33,0
Bay of Plenty,238380,-38.27821375,176.90391541,21/04/2020,47,0,14,33,0
Bay of Plenty,238380,-38.27821375,176.90391541,22/04/2020,47,0,14,33,0
Bay of Plenty,238380,-38.27821375,176.90391541,23/04/2020,47,0,14,33,0
Bay of Plenty,238380,-38.27821375,176.90391541,24/04/2020,47,0,14,33,0
Bay of Plenty,238380,-38.27821375,176.90391541,25/04/2020,47,0,11,36,0
Bay of Plenty,238380,-38.27821375,176.90391541,25/04/2020,47,0,11,36,0
Bay of Plenty,238380,-38.27821375,176.90391541,25/04/2020,47,0,11,36,0
Bay of Plenty,238380,-38.27821375,176.90391541,26/04/2020,47,0,10,37,0
Bay of Plenty,238380,-38.27821375,176.90391541,27/04/2020,47,0,10,37,0
Bay of Plenty,238380,-38.27821375,176.90391541,28/04/2020,47,0,10,37,0
Bay of Plenty,238380,-38.27821375,176.90391541,29/04/2020,47,0,10,37,0
Bay of Plenty,238380,-38.27821375,176.90391541,30/04/2020,47,0,10,37,0
Bay of Plenty,238380,-38.27821375,176.90391541,2/05/2020,47,0,10,37,0
Bay of Plenty,238380,-38.27821375,176.90391541,3/05/2020,47,0,7,40,0
Bay of Plenty,238380,-38.27821375,176.90391541,4/05/2020,47,0,1,46,0
Bay of Plenty,238380,-38.27821375,176.90391541,5/05/2020,47,0,0,47,0
Bay of Plenty,238380,-38.27821375,176.90391541,6/05/2020,47,0,0,47,0
Bay of Plenty,238380,-38.27821375,176.90391541,7/05/2020,47,0,0,47,0
Bay of Plenty,238380,-38.27821375,176.90391541,8/05/2020,47,0,0,47,0
Bay of Plenty,238380,-38.27821375,176.90391541,9/05/2020,47,0,0,47,0
Bay of Plenty,238380,-38.27821375,176.90391541,10/05/2020,47,0,0,47,0
Bay of Plenty,238380,-38.27821375,176.90391541,11/05/2020,47,0,0,47,0
Bay of Plenty,238380,-38.27821375,176.90391541,12/05/2020,47,0,0,47,0
Bay of Plenty,238380,-38.27821375,176.90391541,13/05/2020,47,0,0,47,0
Bay of Plenty,238380,-38.27821375,176.90391541,14/05/2020,47,0,0,47,0
Bay of Plenty,238380,-38.27821375,176.90391541,28/05/2020,18,0,,,
Bay of Plenty,238380,-38.27821375,176.90391541,26/03/2020,30,12,,,
Bay of Plenty,238380,-38.27821375,176.90391541,27/03/2020,40,10,,,
Bay of Plenty,238380,-38.27821375,176.90391541,28/03/2020,46,6,,,
Bay of Plenty,238380,-38.27821375,176.90391541,29/03/2020,49,3,,,
Bay of Plenty,238380,-38.27821375,176.90391541,30/03/2020,52,3,,,
Bay of Plenty,238380,-38.27821375,176.90391541,31/03/2020,52,0,,,
Bay of Plenty,238380,-38.27821375,176.90391541,1/04/2020,59,7,,,
Bay of Plenty,238380,-38.27821375,176.90391541,2/04/2020,59,0,,,
Bay of Plenty,238380,-38.27821375,176.90391541,3/04/2020,66,7,,,
Bay of Plenty,238380,-38.27821375,176.90391541,4/04/2020,86,20,,,
Bay of Plenty,238380,-38.27821375,176.90391541,5/04/2020,92,6,,,
Bay of Plenty,238380,-38.27821375,176.90391541,6/04/2020,99,7,,,
Bay of Plenty,238380,-38.27821375,176.90391541,7/04/2020,114,15,,,
Bay of Plenty,238380,-38.27821375,176.90391541,8/04/2020,119,5,,,
Bay of Plenty,238380,-38.27821375,176.90391541,9/04/2020,135,16,,,
Bay of Plenty,238380,-38.27821375,176.90391541,10/04/2020,135,0,,,
Bay of Plenty,238380,-38.27821375,176.90391541,11/04/2020,130,-5,,,
Bay of Plenty,238380,-38.27821375,176.90391541,12/04/2020,136,6,,,
Bay of Plenty,238380,-38.27821375,176.90391541,13/04/2020,139,3,,,
Bay of Plenty,238380,-38.27821375,176.90391541,14/04/2020,144,5,,,
Bay of Plenty,238380,-38.27821375,176.90391541,15/04/2020,143,-1,67,70,6
Bay of Plenty,238380,-38.27821375,176.90391541,16/04/2020,146,3,64,75,7
Bay of Plenty,238380,-38.27821375,176.90391541,17/04/2020,147,1,64,76,7
Bay of Plenty,238380,-38.27821375,176.90391541,18/04/2020,150,3,64,79,7
Bay of Plenty,238380,-38.27821375,176.90391541,19/04/2020,153,3,65,81,7
Bay of Plenty,238380,-38.27821375,176.90391541,20/04/2020,154,1,63,84,7
Bay of Plenty,238380,-38.27821375,176.90391541,21/04/2020,155,1,59,88,8
Bay of Plenty,238380,-38.27821375,176.90391541,22/04/2020,158,3,55,94,9
Bay of Plenty,238380,-38.27821375,176.90391541,23/04/2020,158,0,51,97,10
Bay of Plenty,238380,-38.27821375,176.90391541,24/04/2020,160,2,48,102,10
Bay of Plenty,238380,-38.27821375,176.90391541,25/04/2020,162,2,49,103,10
Bay of Plenty,238380,-38.27821375,176.90391541,25/04/2020,162,2,49,103,10
Bay of Plenty,238380,-38.27821375,176.90391541,25/04/2020,162,2,49,103,10
Bay of Plenty,238380,-38.27821375,176.90391541,26/04/2020,162,0,43,109,10
Bay of Plenty,238380,-38.27821375,176.90391541,27/04/2020,162,0,43,109,10
Bay of Plenty,238380,-38.27821375,176.90391541,28/04/2020,162,0,41,111,10
Bay of Plenty,238380,-38.27821375,176.90391541,29/04/2020,162,0,36,116,10
Bay of Plenty,238380,-38.27821375,176.90391541,30/04/2020,163,1,34,118,11
Bay of Plenty,238380,-38.27821375,176.90391541,2/05/2020,163,0,34,118,11
Bay of Plenty,238380,-38.27821375,176.90391541,3/05/2020,163,0,29,123,11
Bay of Plenty,238380,-38.27821375,176.90391541,4/05/2020,163,0,29,123,11
Bay of Plenty,238380,-38.27821375,176.90391541,5/05/2020,163,0,23,128,12
Bay of Plenty,238380,-38.27821375,176.90391541,6/05/2020,163,0,17,134,12
Bay of Plenty,238380,-38.27821375,176.90391541,7/05/2020,163,0,15,136,12
Bay of Plenty,238380,-38.27821375,176.90391541,8/05/2020,163,0,10,141,12
Bay of Plenty,238380,-38.27821375,176.90391541,9/05/2020,163,0,10,141,12
Bay of Plenty,238380,-38.27821375,176.90391541,10/05/2020,163,0,10,141,12
Bay of Plenty,238380,-38.27821375,176.90391541,11/05/2020,163,0,9,142,12
Bay of Plenty,238380,-38.27821375,176.90391541,12/05/2020,163,0,9,142,12
Bay of Plenty,238380,-38.27821375,176.90391541,13/05/2020,163,0,9,142,12
Bay of Plenty,238380,-38.27821375,176.90391541,14/05/2020,164,0,0,152,12
Bay of Plenty,238380,-38.27821375,176.90391541,28/05/2020,39,0,,,
Bay of Plenty,238380,-38.27821375,176.90391541,26/03/2020,42,3,,,
Bay of Plenty,238380,-38.27821375,176.90391541,27/03/2020,45,3,,,
Bay of Plenty,238380,-38.27821375,176.90391541,28/03/2020,49,4,,,
Bay of Plenty,238380,-38.27821375,176.90391541,29/03/2020,57,8,,,
Bay of Plenty,238380,-38.27821375,176.90391541,30/03/2020,58,1,,,
Bay of Plenty,238380,-38.27821375,176.90391541,31/03/2020,60,2,,,
Bay of Plenty,238380,-38.27821375,176.90391541,1/04/2020,66,6,,,
Bay of Plenty,238380,-38.27821375,176.90391541,2/04/2020,66,0,,,
Bay of Plenty,238380,-38.27821375,176.90391541,3/04/2020,73,7,,,
Bay of Plenty,238380,-38.27821375,176.90391541,4/04/2020,80,7,,,
Bay of Plenty,238380,-38.27821375,176.90391541,5/04/2020,80,0,,,
Bay of Plenty,238380,-38.27821375,176.90391541,6/04/2020,82,2,,,
Bay of Plenty,238380,-38.27821375,176.90391541,7/04/2020,82,0,,,
Bay of Plenty,238380,-38.27821375,176.90391541,8/04/2020,83,1,,,
Bay of Plenty,238380,-38.27821375,176.90391541,9/04/2020,86,3,,,
Bay of Plenty,238380,-38.27821375,176.90391541,10/04/2020,86,0,,,
Bay of Plenty,238380,-38.27821375,176.90391541,11/04/2020,86,0,,,
Bay of Plenty,238380,-38.27821375,176.90391541,12/04/2020,88,2,,,
Bay of Plenty,238380,-38.27821375,176.90391541,13/04/2020,88,0,,,
Bay of Plenty,238380,-38.27821375,176.90391541,14/04/2020,88,0,,,
Bay of Plenty,238380,-38.27821375,176.90391541,15/04/2020,91,3,43,46,2
Bay of Plenty,238380,-38.27821375,176.90391541,16/04/2020,92,1,44,46,2
Bay of Plenty,238380,-38.27821375,176.90391541,17/04/2020,93,1,42,49,2
Bay of Plenty,238380,-38.27821375,176.90391541,18/04/2020,93,0,42,49,2
Bay of Plenty,238380,-38.27821375,176.90391541,19/04/2020,93,0,29,62,2
Bay of Plenty,238380,-38.27821375,176.90391541,20/04/2020,95,2,29,64,2
Bay of Plenty,238380,-38.27821375,176.90391541,21/04/2020,95,0,29,64,2
Bay of Plenty,238380,-38.27821375,176.90391541,22/04/2020,95,0,29,64,2
Bay of Plenty,238380,-38.27821375,176.90391541,23/04/2020,95,0,27,66,2
Bay of Plenty,238380,-38.27821375,176.90391541,24/04/2020,95,0,27,66,2
Bay of Plenty,238380,-38.27821375,176.90391541,25/04/2020,95,0,23,70,2
Bay of Plenty,238380,-38.27821375,176.90391541,25/04/2020,95,0,23,70,2
Bay of Plenty,238380,-38.27821375,176.90391541,25/04/2020,95,0,23,70,2
Bay of Plenty,238380,-38.27821375,176.90391541,26/04/2020,95,0,13,80,2
Bay of Plenty,238380,-38.27821375,176.90391541,27/04/2020,95,0,9,84,2
Bay of Plenty,238380,-38.27821375,176.90391541,28/04/2020,95,0,9,84,2
Bay of Plenty,238380,-38.27821375,176.90391541,29/04/2020,95,0,9,84,2
Bay of Plenty,238380,-38.27821375,176.90391541,30/04/2020,95,0,5,88,2
Bay of Plenty,238380,-38.27821375,176.90391541,2/05/2020,95,0,5,88,2
Bay of Plenty,238380,-38.27821375,176.90391541,3/05/2020,95,0,5,88,2
Bay of Plenty,238380,-38.27821375,176.90391541,4/05/2020,95,0,5,88,2
Bay of Plenty,238380,-38.27821375,176.90391541,5/05/2020,95,0,5,88,2
Bay of Plenty,238380,-38.27821375,176.90391541,6/05/2020,95,0,1,92,2
Bay of Plenty,238380,-38.27821375,176.90391541,7/05/2020,95,0,1,92,2
Bay of Plenty,238380,-38.27821375,176.90391541,8/05/2020,95,0,1,92,2
Bay of Plenty,238380,-38.27821375,176.90391541,9/05/2020,95,0,1,92,2
Bay of Plenty,238380,-38.27821375,176.90391541,10/05/2020,95,0,1,92,2
Bay of Plenty,238380,-38.27821375,176.90391541,11/05/2020,95,0,1,92,2
Bay of Plenty,238380,-38.27821375,176.90391541,12/05/2020,95,0,1,92,2
Bay of Plenty,238380,-38.27821375,176.90391541,13/05/2020,95,0,0,93,2
Bay of Plenty,238380,-38.27821375,176.90391541,14/05/2020,95,0,0,93,2
Counties Manukau,563210,-37.2676528,174.8947263,28/05/2020,25,0,,,
Counties Manukau,563210,-37.2676528,174.8947263,26/03/2020,28,3,,,
Counties Manukau,563210,-37.2676528,174.8947263,27/03/2020,33,5,,,
Counties Manukau,563210,-37.2676528,174.8947263,28/03/2020,38,5,,,
Counties Manukau,563210,-37.2676528,174.8947263,29/03/2020,40,2,,,
Counties Manukau,563210,-37.2676528,174.8947263,30/03/2020,47,7,,,
Counties Manukau,563210,-37.2676528,174.8947263,31/03/2020,53,6,,,
Counties Manukau,563210,-37.2676528,174.8947263,1/04/2020,62,9,,,
Counties Manukau,563210,-37.2676528,174.8947263,2/04/2020,62,0,,,
Counties Manukau,563210,-37.2676528,174.8947263,3/04/2020,70,8,,,
Counties Manukau,563210,-37.2676528,174.8947263,4/04/2020,77,7,,,
Counties Manukau,563210,-37.2676528,174.8947263,5/04/2020,81,4,,,
Counties Manukau,563210,-37.2676528,174.8947263,6/04/2020,88,7,,,
Counties Manukau,563210,-37.2676528,174.8947263,7/04/2020,92,4,,,
Counties Manukau,563210,-37.2676528,174.8947263,8/04/2020,95,3,,,
Counties Manukau,563210,-37.2676528,174.8947263,9/04/2020,95,0,,,
Counties Manukau,563210,-37.2676528,174.8947263,10/04/2020,98,3,,,
Counties Manukau,563210,-37.2676528,174.8947263,11/04/2020,100,2,,,
Counties Manukau,563210,-37.2676528,174.8947263,12/04/2020,101,1,,,
Counties Manukau,563210,-37.2676528,174.8947263,13/04/2020,103,2,,,
Counties Manukau,563210,-37.2676528,174.8947263,14/04/2020,107,4,,,
Counties Manukau,563210,-37.2676528,174.8947263,15/04/2020,109,2,48,61,0
Counties Manukau,563210,-37.2676528,174.8947263,16/04/2020,109,0,42,67,0
Counties Manukau,563210,-37.2676528,174.8947263,17/04/2020,110,1,32,78,0
Counties Manukau,563210,-37.2676528,174.8947263,18/04/2020,110,0,27,83,0
Counties Manukau,563210,-37.2676528,174.8947263,19/04/2020,111,1,25,86,0
Counties Manukau,563210,-37.2676528,174.8947263,20/04/2020,111,0,22,89,0
Counties Manukau,563210,-37.2676528,174.8947263,21/04/2020,114,3,22,92,0
Counties Manukau,563210,-37.2676528,174.8947263,22/04/2020,111,-3,17,94,0
Counties Manukau,563210,-37.2676528,174.8947263,23/04/2020,113,2,17,96,0
Counties Manukau,563210,-37.2676528,174.8947263,24/04/2020,118,5,16,102,0
Counties Manukau,563210,-37.2676528,174.8947263,25/04/2020,120,2,18,102,0
Counties Manukau,563210,-37.2676528,174.8947263,25/04/2020,120,2,18,102,0
Counties Manukau,563210,-37.2676528,174.8947263,25/04/2020,120,2,18,102,0
Counties Manukau,563210,-37.2676528,174.8947263,26/04/2020,122,2,20,102,0
Counties Manukau,563210,-37.2676528,174.8947263,27/04/2020,124,2,16,108,0
Counties Manukau,563210,-37.2676528,174.8947263,28/04/2020,126,2,16,110,0
Counties Manukau,563210,-37.2676528,174.8947263,29/04/2020,127,1,17,110,0
Counties Manukau,563210,-37.2676528,174.8947263,30/04/2020,127,0,17,110,0
Counties Manukau,563210,-37.2676528,174.8947263,2/05/2020,127,0,15,112,0
Counties Manukau,563210,-37.2676528,174.8947263,3/05/2020,127,0,15,112,0
Counties Manukau,563210,-37.2676528,174.8947263,4/05/2020,127,0,15,112,0
Counties Manukau,563210,-37.2676528,174.8947263,5/05/2020,127,0,15,112,0
Counties Manukau,563210,-37.2676528,174.8947263,6/05/2020,127,0,13,114,0
Counties Manukau,563210,-37.2676528,174.8947263,7/05/2020,127,0,11,116,0
Counties Manukau,563210,-37.2676528,174.8947263,8/05/2020,127,0,10,117,0
Counties Manukau,563210,-37.2676528,174.8947263,9/05/2020,128,1,10,118,0
Counties Manukau,563210,-37.2676528,174.8947263,10/05/2020,127,-1,6,121,0
Counties Manukau,563210,-37.2676528,174.8947263,11/05/2020,127,0,5,122,0
Counties Manukau,563210,-37.2676528,174.8947263,12/05/2020,127,0,5,122,0
Counties Manukau,563210,-37.2676528,174.8947263,13/05/2020,127,0,4,123,0
Counties Manukau,563210,-37.2676528,174.8947263,14/05/2020,132,0,1,131,0
Hawke's Bay,165610,-39.4343279,176.7652742,28/05/2020,6,0,,,
Hawke's Bay,165610,-39.4343279,176.7652742,26/03/2020,10,4,,,
Hawke's Bay,165610,-39.4343279,176.7652742,27/03/2020,11,1,,,
Hawke's Bay,165610,-39.4343279,176.7652742,28/03/2020,12,1,,,
Hawke's Bay,165610,-39.4343279,176.7652742,29/03/2020,12,0,,,
Hawke's Bay,165610,-39.4343279,176.7652742,30/03/2020,15,3,,,
Hawke's Bay,165610,-39.4343279,176.7652742,31/03/2020,16,1,,,
Hawke's Bay,165610,-39.4343279,176.7652742,1/04/2020,24,8,,,
Hawke's Bay,165610,-39.4343279,176.7652742,2/04/2020,24,0,,,
Hawke's Bay,165610,-39.4343279,176.7652742,3/04/2020,29,5,,,
Hawke's Bay,165610,-39.4343279,176.7652742,4/04/2020,29,0,,,
Hawke's Bay,165610,-39.4343279,176.7652742,5/04/2020,33,4,,,
Hawke's Bay,165610,-39.4343279,176.7652742,6/04/2020,33,0,,,
Hawke's Bay,165610,-39.4343279,176.7652742,7/04/2020,35,2,,,
Hawke's Bay,165610,-39.4343279,176.7652742,8/04/2020,35,0,,,
Hawke's Bay,165610,-39.4343279,176.7652742,9/04/2020,35,0,,,
Hawke's Bay,165610,-39.4343279,176.7652742,10/04/2020,38,3,,,
Hawke's Bay,165610,-39.4343279,176.7652742,11/04/2020,38,0,,,
Hawke's Bay,165610,-39.4343279,176.7652742,12/04/2020,41,3,,,
Hawke's Bay,165610,-39.4343279,176.7652742,13/04/2020,41,0,,,
Hawke's Bay,165610,-39.4343279,176.7652742,14/04/2020,41,0,,,
Hawke's Bay,165610,-39.4343279,176.7652742,15/04/2020,41,0,26,15,0
Hawke's Bay,165610,-39.4343279,176.7652742,16/04/2020,41,0,23,18,0
Hawke's Bay,165610,-39.4343279,176.7652742,17/04/2020,41,0,21,20,0
Hawke's Bay,165610,-39.4343279,176.7652742,18/04/2020,41,0,19,22,0
Hawke's Bay,165610,-39.4343279,176.7652742,19/04/2020,41,0,17,24,0
Hawke's Bay,165610,-39.4343279,176.7652742,20/04/2020,41,0,15,26,0
Hawke's Bay,165610,-39.4343279,176.7652742,21/04/2020,42,1,16,26,0
Hawke's Bay,165610,-39.4343279,176.7652742,22/04/2020,42,0,16,26,0
Hawke's Bay,165610,-39.4343279,176.7652742,23/04/2020,42,0,16,26,0
Hawke's Bay,165610,-39.4343279,176.7652742,24/04/2020,42,0,15,27,0
Hawke's Bay,165610,-39.4343279,176.7652742,25/04/2020,43,1,14,29,0
Hawke's Bay,165610,-39.4343279,176.7652742,25/04/2020,43,1,14,29,0
Hawke's Bay,165610,-39.4343279,176.7652742,25/04/2020,43,1,14,29,0
Hawke's Bay,165610,-39.4343279,176.7652742,26/04/2020,43,0,13,30,0
Hawke's Bay,165610,-39.4343279,176.7652742,27/04/2020,44,1,14,30,0
Hawke's Bay,165610,-39.4343279,176.7652742,28/04/2020,44,0,14,30,0
Hawke's Bay,165610,-39.4343279,176.7652742,29/04/2020,44,0,14,30,0
Hawke's Bay,165610,-39.4343279,176.7652742,30/04/2020,44,0,13,31,0
Hawke's Bay,165610,-39.4343279,176.7652742,2/05/2020,44,0,13,31,0
Hawke's Bay,165610,-39.4343279,176.7652742,3/05/2020,44,0,13,31,0
Hawke's Bay,165610,-39.4343279,176.7652742,4/05/2020,44,0,11,33,0
Hawke's Bay,165610,-39.4343279,176.7652742,5/05/2020,44,0,11,33,0
Hawke's Bay,165610,-39.4343279,176.7652742,6/05/2020,44,0,11,33,0
Hawke's Bay,165610,-39.4343279,176.7652742,7/05/2020,44,0,10,34,0
Hawke's Bay,165610,-39.4343279,176.7652742,8/05/2020,44,0,9,35,0
Hawke's Bay,165610,-39.4343279,176.7652742,9/05/2020,44,0,9,35,0
Hawke's Bay,165610,-39.4343279,176.7652742,10/05/2020,44,0,9,35,0
Hawke's Bay,165610,-39.4343279,176.7652742,11/05/2020,44,0,9,35,0
Hawke's Bay,165610,-39.4343279,176.7652742,12/05/2020,44,0,9,35,0
Hawke's Bay,165610,-39.4343279,176.7652742,13/05/2020,44,0,8,36,0
Hawke's Bay,165610,-39.4343279,176.7652742,14/05/2020,44,0,0,44,0
Hutt Valley,149680,-41.0240674,175.1699589,28/05/2020,6,0,,,
Hutt Valley,149680,-41.0240674,175.1699589,26/03/2020,11,5,,,
Hutt Valley,149680,-41.0240674,175.1699589,27/03/2020,13,2,,,
Hutt Valley,149680,-41.0240674,175.1699589,28/03/2020,13,0,,,
Hutt Valley,149680,-41.0240674,175.1699589,29/03/2020,13,0,,,
Hutt Valley,149680,-41.0240674,175.1699589,30/03/2020,13,0,,,
Hutt Valley,149680,-41.0240674,175.1699589,31/03/2020,14,1,,,
Hutt Valley,149680,-41.0240674,175.1699589,1/04/2020,17,3,,,
Hutt Valley,149680,-41.0240674,175.1699589,2/04/2020,17,0,,,
Hutt Valley,149680,-41.0240674,175.1699589,3/04/2020,18,1,,,
Hutt Valley,149680,-41.0240674,175.1699589,4/04/2020,18,0,,,
Hutt Valley,149680,-41.0240674,175.1699589,5/04/2020,19,1,,,
Hutt Valley,149680,-41.0240674,175.1699589,6/04/2020,20,1,,,
Hutt Valley,149680,-41.0240674,175.1699589,7/04/2020,21,1,,,
Hutt Valley,149680,-41.0240674,175.1699589,8/04/2020,21,0,,,
Hutt Valley,149680,-41.0240674,175.1699589,9/04/2020,21,1,,,
Hutt Valley,149680,-41.0240674,175.1699589,10/04/2020,21,0,,,
Hutt Valley,149680,-41.0240674,175.1699589,11/04/2020,24,3,,,
Hutt Valley,149680,-41.0240674,175.1699589,12/04/2020,22,-2,,,
Hutt Valley,149680,-41.0240674,175.1699589,13/04/2020,20,-2,,,
Hutt Valley,149680,-41.0240674,175.1699589,14/04/2020,20,0,,,
Hutt Valley,149680,-41.0240674,175.1699589,15/04/2020,20,0,7,13,0
Hutt Valley,149680,-41.0240674,175.1699589,16/04/2020,20,0,7,13,0
Hutt Valley,149680,-41.0240674,175.1699589,17/04/2020,20,0,7,13,0
Hutt Valley,149680,-41.0240674,175.1699589,18/04/2020,20,0,7,13,0
Hutt Valley,149680,-41.0240674,175.1699589,19/04/2020,20,0,5,15,0
Hutt Valley,149680,-41.0240674,175.1699589,20/04/2020,20,0,5,15,0
Hutt Valley,149680,-41.0240674,175.1699589,21/04/2020,20,0,5,15,0
Hutt Valley,149680,-41.0240674,175.1699589,22/04/2020,20,0,5,15,0
Hutt Valley,149680,-41.0240674,175.1699589,23/04/2020,20,0,5,15,0
Hutt Valley,149680,-41.0240674,175.1699589,24/04/2020,20,0,5,15,0
Hutt Valley,149680,-41.0240674,175.1699589,25/04/2020,20,0,5,15,0
Hutt Valley,149680,-41.0240674,175.1699589,25/04/2020,20,0,5,15,0
Hutt Valley,149680,-41.0240674,175.1699589,25/04/2020,20,0,5,15,0
Hutt Valley,149680,-41.0240674,175.1699589,26/04/2020,20,0,4,16,0
Hutt Valley,149680,-41.0240674,175.1699589,27/04/2020,20,0,4,16,0
Hutt Valley,149680,-41.0240674,175.1699589,28/04/2020,20,0,4,16,0
Hutt Valley,149680,-41.0240674,175.1699589,29/04/2020,20,0,4,16,0
Hutt Valley,149680,-41.0240674,175.1699589,30/04/2020,20,0,4,16,0
Hutt Valley,149680,-41.0240674,175.1699589,2/05/2020,20,0,4,16,0
Hutt Valley,149680,-41.0240674,175.1699589,3/05/2020,20,0,4,16,0
Hutt Valley,149680,-41.0240674,175.1699589,4/05/2020,20,0,4,16,0
Hutt Valley,149680,-41.0240674,175.1699589,5/05/2020,20,0,4,16,0
Hutt Valley,149680,-41.0240674,175.1699589,6/05/2020,20,0,4,16,0
Hutt Valley,149680,-41.0240674,175.1699589,7/05/2020,20,0,2,18,0
Hutt Valley,149680,-41.0240674,175.1699589,8/05/2020,20,0,0,20,0
Hutt Valley,149680,-41.0240674,175.1699589,9/05/2020,20,0,0,20,0
Hutt Valley,149680,-41.0240674,175.1699589,10/05/2020,20,0,0,20,0
Hutt Valley,149680,-41.0240674,175.1699589,11/05/2020,20,0,0,20,0
Hutt Valley,149680,-41.0240674,175.1699589,12/05/2020,20,0,0,20,0
Hutt Valley,149680,-41.0240674,175.1699589,13/05/2020,20,0,0,20,0
Hutt Valley,149680,-41.0240674,175.1699589,14/05/2020,20,0,0,20,0
Lakes,110410,-38.7993662,176.11009674,28/05/2020,6,0,,,
Lakes,110410,-38.7993662,176.11009674,26/03/2020,8,2,,,
Lakes,110410,-38.7993662,176.11009674,27/03/2020,8,0,,,
Lakes,110410,-38.7993662,176.11009674,28/03/2020,8,0,,,
Lakes,110410,-38.7993662,176.11009674,29/03/2020,9,1,,,
Lakes,110410,-38.7993662,176.11009674,30/03/2020,11,2,,,
Lakes,110410,-38.7993662,176.11009674,31/03/2020,11,0,,,
Lakes,110410,-38.7993662,176.11009674,1/04/2020,11,0,,,
Lakes,110410,-38.7993662,176.11009674,2/04/2020,11,0,,,
Lakes,110410,-38.7993662,176.11009674,3/04/2020,11,0,,,
Lakes,110410,-38.7993662,176.11009674,4/04/2020,12,1,,,
Lakes,110410,-38.7993662,176.11009674,5/04/2020,12,0,,,
Lakes,110410,-38.7993662,176.11009674,6/04/2020,12,0,,,
Lakes,110410,-38.7993662,176.11009674,7/04/2020,12,0,,,
Lakes,110410,-38.7993662,176.11009674,8/04/2020,12,0,,,
Lakes,110410,-38.7993662,176.11009674,9/04/2020,13,1,,,
Lakes,110410,-38.7993662,176.11009674,10/04/2020,14,1,,,
Lakes,110410,-38.7993662,176.11009674,11/04/2020,14,0,,,
Lakes,110410,-38.7993662,176.11009674,12/04/2020,16,2,,,
Lakes,110410,-38.7993662,176.11009674,13/04/2020,16,0,,,
Lakes,110410,-38.7993662,176.11009674,14/04/2020,15,-1,,,
Lakes,110410,-38.7993662,176.11009674,15/04/2020,15,0,6,9,0
Lakes,110410,-38.7993662,176.11009674,16/04/2020,15,0,6,9,0
Lakes,110410,-38.7993662,176.11009674,17/04/2020,16,1,5,11,0
Lakes,110410,-38.7993662,176.11009674,18/04/2020,16,0,5,11,0
Lakes,110410,-38.7993662,176.11009674,19/04/2020,16,0,5,11,0
Lakes,110410,-38.7993662,176.11009674,20/04/2020,16,0,4,12,0
Lakes,110410,-38.7993662,176.11009674,21/04/2020,16,0,4,12,0
Lakes,110410,-38.7993662,176.11009674,22/04/2020,16,0,4,12,0
Lakes,110410,-38.7993662,176.11009674,23/04/2020,16,0,2,14,0
Lakes,110410,-38.7993662,176.11009674,24/04/2020,16,0,2,14,0
Lakes,110410,-38.7993662,176.11009674,25/04/2020,16,0,2,14,0
Lakes,110410,-38.7993662,176.11009674,25/04/2020,16,0,2,14,0
Lakes,110410,-38.7993662,176.11009674,25/04/2020,16,0,2,14,0
Lakes,110410,-38.7993662,176.11009674,26/04/2020,16,0,2,14,0
Lakes,110410,-38.7993662,176.11009674,27/04/2020,16,0,2,14,0
Lakes,110410,-38.7993662,176.11009674,28/04/2020,16,0,2,14,0
Lakes,110410,-38.7993662,176.11009674,29/04/2020,16,0,2,14,0
Lakes,110410,-38.7993662,176.11009674,30/04/2020,16,0,2,14,0
Lakes,110410,-38.7993662,176.11009674,2/05/2020,16,0,2,14,0
Lakes,110410,-38.7993662,176.11009674,3/05/2020,16,0,2,14,0
Lakes,110410,-38.7993662,176.11009674,4/05/2020,16,0,0,16,0
Lakes,110410,-38.7993662,176.11009674,5/05/2020,16,0,0,16,0
Lakes,110410,-38.7993662,176.11009674,6/05/2020,16,0,0,16,0
Lakes,110410,-38.7993662,176.11009674,7/05/2020,16,0,0,16,0
Lakes,110410,-38.7993662,176.11009674,8/05/2020,16,0,0,16,0
Lakes,110410,-38.7993662,176.11009674,9/05/2020,16,0,0,16,0
Lakes,110410,-38.7993662,176.11009674,10/05/2020,16,0,0,16,0
Lakes,110410,-38.7993662,176.11009674,11/05/2020,16,0,0,16,0
Lakes,110410,-38.7993662,176.11009674,12/05/2020,16,0,0,16,0
Lakes,110410,-38.7993662,176.11009674,13/05/2020,16,0,0,16,0
Lakes,110410,-38.7993662,176.11009674,14/05/2020,16,0,0,16,0
MidCentral,178820,-40.356317,175.7112388,28/05/2020,6,0,,,
MidCentral,178820,-40.356317,175.7112388,26/03/2020,7,1,,,
MidCentral,178820,-40.356317,175.7112388,27/03/2020,10,3,,,
MidCentral,178820,-40.356317,175.7112388,28/03/2020,10,0,,,
MidCentral,178820,-40.356317,175.7112388,29/03/2020,11,1,,,
MidCentral,178820,-40.356317,175.7112388,30/03/2020,11,0,,,
MidCentral,178820,-40.356317,175.7112388,31/03/2020,13,2,,,
MidCentral,178820,-40.356317,175.7112388,1/04/2020,20,7,,,
MidCentral,178820,-40.356317,175.7112388,2/04/2020,20,0,,,
MidCentral,178820,-40.356317,175.7112388,3/04/2020,21,1,,,
MidCentral,178820,-40.356317,175.7112388,4/04/2020,22,1,,,
MidCentral,178820,-40.356317,175.7112388,5/04/2020,27,5,,,
MidCentral,178820,-40.356317,175.7112388,6/04/2020,28,1,,,
MidCentral,178820,-40.356317,175.7112388,7/04/2020,28,0,,,
MidCentral,178820,-40.356317,175.7112388,8/04/2020,28,0,,,
MidCentral,178820,-40.356317,175.7112388,9/04/2020,28,0,,,
MidCentral,178820,-40.356317,175.7112388,10/04/2020,28,0,,,
MidCentral,178820,-40.356317,175.7112388,11/04/2020,28,0,,,
MidCentral,178820,-40.356317,175.7112388,12/04/2020,28,0,,,
MidCentral,178820,-40.356317,175.7112388,13/04/2020,28,0,,,
MidCentral,178820,-40.356317,175.7112388,14/04/2020,28,0,,,
MidCentral,178820,-40.356317,175.7112388,15/04/2020,29,1,10,19,0
MidCentral,178820,-40.356317,175.7112388,16/04/2020,29,0,10,19,0
MidCentral,178820,-40.356317,175.7112388,17/04/2020,31,2,11,20,0
MidCentral,178820,-40.356317,175.7112388,18/04/2020,31,0,6,25,0
MidCentral,178820,-40.356317,175.7112388,19/04/2020,31,0,4,27,0
MidCentral,178820,-40.356317,175.7112388,20/04/2020,31,0,3,28,0
MidCentral,178820,-40.356317,175.7112388,21/04/2020,31,0,2,29,0
MidCentral,178820,-40.356317,175.7112388,22/04/2020,31,0,2,29,0
MidCentral,178820,-40.356317,175.7112388,23/04/2020,31,0,2,29,0
MidCentral,178820,-40.356317,175.7112388,24/04/2020,31,0,2,29,0
MidCentral,178820,-40.356317,175.7112388,25/04/2020,31,0,2,29,0
MidCentral,178820,-40.356317,175.7112388,25/04/2020,31,0,2,29,0
MidCentral,178820,-40.356317,175.7112388,25/04/2020,31,0,2,29,0
MidCentral,178820,-40.356317,175.7112388,26/04/2020,31,0,1,30,0
MidCentral,178820,-40.356317,175.7112388,27/04/2020,31,0,1,30,0
MidCentral,178820,-40.356317,175.7112388,28/04/2020,31,0,1,30,0
MidCentral,178820,-40.356317,175.7112388,29/04/2020,31,0,1,30,0
MidCentral,178820,-40.356317,175.7112388,30/04/2020,31,0,0,31,0
MidCentral,178820,-40.356317,175.7112388,2/05/2020,31,0,1,30,0
MidCentral,178820,-40.356317,175.7112388,3/05/2020,31,0,1,30,0
MidCentral,178820,-40.356317,175.7112388,4/05/2020,31,0,1,30,0
MidCentral,178820,-40.356317,175.7112388,5/05/2020,31,0,1,30,0
MidCentral,178820,-40.356317,175.7112388,6/05/2020,31,0,0,31,0
MidCentral,178820,-40.356317,175.7112388,7/05/2020,31,0,0,31,0
MidCentral,178820,-40.356317,175.7112388,8/05/2020,31,0,0,31,0
MidCentral,178820,-40.356317,175.7112388,9/05/2020,31,0,0,31,0
MidCentral,178820,-40.356317,175.7112388,10/05/2020,32,1,1,31,0
MidCentral,178820,-40.356317,175.7112388,11/05/2020,32,0,1,31,0
MidCentral,178820,-40.356317,175.7112388,12/05/2020,32,0,1,31,0
MidCentral,178820,-40.356317,175.7112388,13/05/2020,32,0,1,31,0
MidCentral,178820,-40.356317,175.7112388,14/05/2020,32,0,0,32,0
Nelson Marlborough,150770,-41.58368707,172.86854267,28/05/2020,17,0,,,
Nelson Marlborough,150770,-41.58368707,172.86854267,26/03/2020,18,1,,,
Nelson Marlborough,150770,-41.58368707,172.86854267,27/03/2020,18,0,,,
Nelson Marlborough,150770,-41.58368707,172.86854267,28/03/2020,19,1,,,
Nelson Marlborough,150770,-41.58368707,172.86854267,29/03/2020,20,1,,,
Nelson Marlborough,150770,-41.58368707,172.86854267,30/03/2020,22,2,,,
Nelson Marlborough,150770,-41.58368707,172.86854267,31/03/2020,22,0,,,
Nelson Marlborough,150770,-41.58368707,172.86854267,1/04/2020,30,8,,,
Nelson Marlborough,150770,-41.58368707,172.86854267,2/04/2020,30,0,,,
Nelson Marlborough,150770,-41.58368707,172.86854267,3/04/2020,32,2,,,
Nelson Marlborough,150770,-41.58368707,172.86854267,4/04/2020,35,3,,,
Nelson Marlborough,150770,-41.58368707,172.86854267,5/04/2020,40,5,,,
Nelson Marlborough,150770,-41.58368707,172.86854267,6/04/2020,44,4,,,
Nelson Marlborough,150770,-41.58368707,172.86854267,7/04/2020,46,2,,,
Nelson Marlborough,150770,-41.58368707,172.86854267,8/04/2020,48,2,,,
Nelson Marlborough,150770,-41.58368707,172.86854267,9/04/2020,48,0,,,
Nelson Marlborough,150770,-41.58368707,172.86854267,10/04/2020,48,0,,,
Nelson Marlborough,150770,-41.58368707,172.86854267,11/04/2020,48,0,,,
Nelson Marlborough,150770,-41.58368707,172.86854267,12/04/2020,48,0,,,
Nelson Marlborough,150770,-41.58368707,172.86854267,13/04/2020,48,0,,,
Nelson Marlborough,150770,-41.58368707,172.86854267,14/04/2020,48,0,,,
Nelson Marlborough,150770,-41.58368707,172.86854267,15/04/2020,48,0,18,30,0
Nelson Marlborough,150770,-41.58368707,172.86854267,16/04/2020,48,0,15,33,0
Nelson Marlborough,150770,-41.58368707,172.86854267,17/04/2020,48,0,14,34,0
Nelson Marlborough,150770,-41.58368707,172.86854267,18/04/2020,48,0,9,39,0
Nelson Marlborough,150770,-41.58368707,172.86854267,19/04/2020,48,0,7,41,0
Nelson Marlborough,150770,-41.58368707,172.86854267,20/04/2020,48,0,7,41,0
Nelson Marlborough,150770,-41.58368707,172.86854267,21/04/2020,48,0,5,43,0
Nelson Marlborough,150770,-41.58368707,172.86854267,22/04/2020,48,0,6,42,0
Nelson Marlborough,150770,-41.58368707,172.86854267,23/04/2020,48,0,6,42,0
Nelson Marlborough,150770,-41.58368707,172.86854267,24/04/2020,48,0,6,42,0
Nelson Marlborough,150770,-41.58368707,172.86854267,25/04/2020,48,0,6,42,0
Nelson Marlborough,150770,-41.58368707,172.86854267,25/04/2020,48,0,6,42,0
Nelson Marlborough,150770,-41.58368707,172.86854267,25/04/2020,48,0,6,42,0
Nelson Marlborough,150770,-41.58368707,172.86854267,26/04/2020,48,0,6,42,0
Nelson Marlborough,150770,-41.58368707,172.86854267,27/04/2020,48,0,4,44,0
Nelson Marlborough,150770,-41.58368707,172.86854267,28/04/2020,48,0,3,45,0
Nelson Marlborough,150770,-41.58368707,172.86854267,29/04/2020,49,1,4,45,0
Nelson Marlborough,150770,-41.58368707,172.86854267,30/04/2020,49,0,3,46,0
Nelson Marlborough,150770,-41.58368707,172.86854267,2/05/2020,49,0,3,46,0
Nelson Marlborough,150770,-41.58368707,172.86854267,3/05/2020,49,0,3,46,0
Nelson Marlborough,150770,-41.58368707,172.86854267,4/05/2020,49,0,3,46,0
Nelson Marlborough,150770,-41.58368707,172.86854267,5/05/2020,49,0,3,46,0
Nelson Marlborough,150770,-41.58368707,172.86854267,6/05/2020,49,0,3,46,0
Nelson Marlborough,150770,-41.58368707,172.86854267,7/05/2020,49,0,3,46,0
Nelson Marlborough,150770,-41.58368707,172.86854267,8/05/2020,49,0,3,46,0
Nelson Marlborough,150770,-41.58368707,172.86854267,9/05/2020,49,0,3,46,0
Nelson Marlborough,150770,-41.58368707,172.86854267,10/05/2020,49,0,2,47,0
Nelson Marlborough,150770,-41.58368707,172.86854267,11/05/2020,49,0,2,47,0
Nelson Marlborough,150770,-41.58368707,172.86854267,12/05/2020,49,0,2,47,0
Nelson Marlborough,150770,-41.58368707,172.86854267,13/05/2020,49,0,2,47,0
Nelson Marlborough,150770,-41.58368707,172.86854267,14/05/2020,49,0,0,49,0
Northland,179370,-35.3712702,173.7405337,28/05/2020,3,0,,,
Northland,179370,-35.3712702,173.7405337,26/03/2020,4,1,,,
Northland,179370,-35.3712702,173.7405337,27/03/2020,6,2,,,
Northland,179370,-35.3712702,173.7405337,28/03/2020,7,1,,,
Northland,179370,-35.3712702,173.7405337,29/03/2020,9,2,,,
Northland,179370,-35.3712702,173.7405337,30/03/2020,9,0,,,
Northland,179370,-35.3712702,173.7405337,31/03/2020,11,2,,,
Northland,179370,-35.3712702,173.7405337,1/04/2020,13,2,,,
Northland,179370,-35.3712702,173.7405337,2/04/2020,13,0,,,
Northland,179370,-35.3712702,173.7405337,3/04/2020,13,0,,,
Northland,179370,-35.3712702,173.7405337,4/04/2020,16,3,,,
Northland,179370,-35.3712702,173.7405337,5/04/2020,17,1,,,
Northland,179370,-35.3712702,173.7405337,6/04/2020,18,1,,,
Northland,179370,-35.3712702,173.7405337,7/04/2020,20,2,,,
Northland,179370,-35.3712702,173.7405337,8/04/2020,20,0,,,
Northland,179370,-35.3712702,173.7405337,9/04/2020,24,3,,,
Northland,179370,-35.3712702,173.7405337,10/04/2020,25,1,,,
Northland,179370,-35.3712702,173.7405337,11/04/2020,25,0,,,
Northland,179370,-35.3712702,173.7405337,12/04/2020,25,0,,,
Northland,179370,-35.3712702,173.7405337,13/04/2020,26,1,,,
Northland,179370,-35.3712702,173.7405337,14/04/2020,26,0,,,
Northland,179370,-35.3712702,173.7405337,15/04/2020,26,0,18,8,0
Northland,179370,-35.3712702,173.7405337,16/04/2020,26,0,17,9,0
Northland,179370,-35.3712702,173.7405337,17/04/2020,27,1,17,10,0
Northland,179370,-35.3712702,173.7405337,18/04/2020,27,0,17,10,0
Northland,179370,-35.3712702,173.7405337,19/04/2020,28,1,17,11,0
Northland,179370,-35.3712702,173.7405337,20/04/2020,27,-1,13,14,0
Northland,179370,-35.3712702,173.7405337,21/04/2020,27,0,13,14,0
Northland,179370,-35.3712702,173.7405337,22/04/2020,27,0,12,15,0
Northland,179370,-35.3712702,173.7405337,23/04/2020,27,0,12,15,0
Northland,179370,-35.3712702,173.7405337,24/04/2020,28,1,11,17,0
Northland,179370,-35.3712702,173.7405337,25/04/2020,28,0,11,17,0
Northland,179370,-35.3712702,173.7405337,25/04/2020,28,0,11,17,0
Northland,179370,-35.3712702,173.7405337,25/04/2020,28,0,11,17,0
Northland,179370,-35.3712702,173.7405337,26/04/2020,28,0,11,17,0
Northland,179370,-35.3712702,173.7405337,27/04/2020,28,0,6,22,0
Northland,179370,-35.3712702,173.7405337,28/04/2020,28,0,6,22,0
Northland,179370,-35.3712702,173.7405337,29/04/2020,28,0,5,23,0
Northland,179370,-35.3712702,173.7405337,30/04/2020,28,0,4,24,0
Northland,179370,-35.3712702,173.7405337,2/05/2020,28,0,4,24,0
Northland,179370,-35.3712702,173.7405337,3/05/2020,28,0,4,24,0
Northland,179370,-35.3712702,173.7405337,4/05/2020,28,0,4,24,0
Northland,179370,-35.3712702,173.7405337,5/05/2020,28,0,4,24,0
Northland,179370,-35.3712702,173.7405337,6/05/2020,28,0,4,24,0
Northland,179370,-35.3712702,173.7405337,7/05/2020,28,0,4,24,0
Northland,179370,-35.3712702,173.7405337,8/05/2020,28,0,1,27,0
Northland,179370,-35.3712702,173.7405337,9/05/2020,28,0,1,27,0
Northland,179370,-35.3712702,173.7405337,10/05/2020,28,0,1,27,0
Northland,179370,-35.3712702,173.7405337,11/05/2020,28,0,0,28,0
Northland,179370,-35.3712702,173.7405337,12/05/2020,28,0,0,28,0
Northland,179370,-35.3712702,173.7405337,13/05/2020,28,0,0,28,0
Northland,179370,-35.3712702,173.7405337,14/05/2020,28,0,0,28,0
South Canterbury,60220,-44.28091136,170.7304718,28/05/2020,2,0,,,
South Canterbury,60220,-44.28091136,170.7304718,26/03/2020,2,0,,,
South Canterbury,60220,-44.28091136,170.7304718,27/03/2020,3,1,,,
South Canterbury,60220,-44.28091136,170.7304718,28/03/2020,5,2,,,
South Canterbury,60220,-44.28091136,170.7304718,29/03/2020,7,2,,,
South Canterbury,60220,-44.28091136,170.7304718,30/03/2020,7,0,,,
South Canterbury,60220,-44.28091136,170.7304718,31/03/2020,10,3,,,
South Canterbury,60220,-44.28091136,170.7304718,1/04/2020,10,0,,,
South Canterbury,60220,-44.28091136,170.7304718,2/04/2020,10,0,,,
South Canterbury,60220,-44.28091136,170.7304718,3/04/2020,10,0,,,
South Canterbury,60220,-44.28091136,170.7304718,4/04/2020,10,0,,,
South Canterbury,60220,-44.28091136,170.7304718,5/04/2020,10,0,,,
South Canterbury,60220,-44.28091136,170.7304718,6/04/2020,10,0,,,
South Canterbury,60220,-44.28091136,170.7304718,7/04/2020,10,0,,,
South Canterbury,60220,-44.28091136,170.7304718,8/04/2020,10,0,,,
South Canterbury,60220,-44.28091136,170.7304718,9/04/2020,11,1,,,
South Canterbury,60220,-44.28091136,170.7304718,10/04/2020,11,0,,,
South Canterbury,60220,-44.28091136,170.7304718,11/04/2020,11,0,,,
South Canterbury,60220,-44.28091136,170.7304718,12/04/2020,11,0,,,
South Canterbury,60220,-44.28091136,170.7304718,13/04/2020,12,1,,,
South Canterbury,60220,-44.28091136,170.7304718,14/04/2020,13,1,,,
South Canterbury,60220,-44.28091136,170.7304718,15/04/2020,14,1,8,6,0
South Canterbury,60220,-44.28091136,170.7304718,16/04/2020,14,0,8,6,0
South Canterbury,60220,-44.28091136,170.7304718,17/04/2020,15,1,9,6,0
South Canterbury,60220,-44.28091136,170.7304718,18/04/2020,15,0,9,6,0
South Canterbury,60220,-44.28091136,170.7304718,19/04/2020,16,1,10,6,0
South Canterbury,60220,-44.28091136,170.7304718,20/04/2020,16,0,10,6,0
South Canterbury,60220,-44.28091136,170.7304718,21/04/2020,16,0,9,7,0
South Canterbury,60220,-44.28091136,170.7304718,22/04/2020,16,0,9,7,0
South Canterbury,60220,-44.28091136,170.7304718,23/04/2020,16,0,8,8,0
South Canterbury,60220,-44.28091136,170.7304718,24/04/2020,16,0,8,8,0
South Canterbury,60220,-44.28091136,170.7304718,25/04/2020,16,0,8,8,0
South Canterbury,60220,-44.28091136,170.7304718,25/04/2020,16,0,8,8,0
South Canterbury,60220,-44.28091136,170.7304718,25/04/2020,16,0,8,8,0
South Canterbury,60220,-44.28091136,170.7304718,26/04/2020,16,0,8,8,0
South Canterbury,60220,-44.28091136,170.7304718,27/04/2020,17,1,8,9,0
South Canterbury,60220,-44.28091136,170.7304718,28/04/2020,17,0,6,11,0
South Canterbury,60220,-44.28091136,170.7304718,29/04/2020,17,0,6,11,0
South Canterbury,60220,-44.28091136,170.7304718,30/04/2020,17,0,5,12,0
South Canterbury,60220,-44.28091136,170.7304718,2/05/2020,17,0,5,12,0
South Canterbury,60220,-44.28091136,170.7304718,3/05/2020,17,0,5,12,0
South Canterbury,60220,-44.28091136,170.7304718,4/05/2020,17,0,4,13,0
South Canterbury,60220,-44.28091136,170.7304718,5/05/2020,17,0,4,13,0
South Canterbury,60220,-44.28091136,170.7304718,6/05/2020,17,0,3,14,0
South Canterbury,60220,-44.28091136,170.7304718,7/05/2020,17,0,3,14,0
South Canterbury,60220,-44.28091136,170.7304718,8/05/2020,17,0,3,14,0
South Canterbury,60220,-44.28091136,170.7304718,9/05/2020,17,0,3,14,0
South Canterbury,60220,-44.28091136,170.7304718,10/05/2020,17,0,2,15,0
South Canterbury,60220,-44.28091136,170.7304718,11/05/2020,17,0,2,15,0
South Canterbury,60220,-44.28091136,170.7304718,12/05/2020,17,0,2,15,0
South Canterbury,60220,-44.28091136,170.7304718,13/05/2020,17,0,1,16,0
South Canterbury,60220,-44.28091136,170.7304718,14/05/2020,17,0,0,17,0
Southern,329890,-45.18866102,168.96183014,28/05/2020,31,0,,,
Southern,329890,-45.18866102,168.96183014,26/03/2020,39,8,,,
Southern,329890,-45.18866102,168.96183014,27/03/2020,59,20,,,
Southern,329890,-45.18866102,168.96183014,28/03/2020,70,11,,,
Southern,329890,-45.18866102,168.96183014,29/03/2020,83,13,,,
Southern,329890,-45.18866102,168.96183014,30/03/2020,98,15,,,
Southern,329890,-45.18866102,168.96183014,31/03/2020,108,10,,,
Southern,329890,-45.18866102,168.96183014,1/04/2020,132,24,,,
Southern,329890,-45.18866102,168.96183014,2/04/2020,132,0,,,
Southern,329890,-45.18866102,168.96183014,3/04/2020,151,19,,,
Southern,329890,-45.18866102,168.96183014,4/04/2020,160,9,,,
Southern,329890,-45.18866102,168.96183014,5/04/2020,177,17,,,
Southern,329890,-45.18866102,168.96183014,6/04/2020,187,10,,,
Southern,329890,-45.18866102,168.96183014,7/04/2020,195,8,,,
Southern,329890,-45.18866102,168.96183014,8/04/2020,200,5,,,
Southern,329890,-45.18866102,168.96183014,9/04/2020,202,2,,,
Southern,329890,-45.18866102,168.96183014,10/04/2020,207,5,,,
Southern,329890,-45.18866102,168.96183014,11/04/2020,206,-1,,,
Southern,329890,-45.18866102,168.96183014,12/04/2020,209,3,,,
Southern,329890,-45.18866102,168.96183014,13/04/2020,210,1,,,
Southern,329890,-45.18866102,168.96183014,14/04/2020,213,3,,,
Southern,329890,-45.18866102,168.96183014,15/04/2020,213,0,74,139,0
Southern,329890,-45.18866102,168.96183014,16/04/2020,214,1,67,147,0
Southern,329890,-45.18866102,168.96183014,17/04/2020,216,2,64,152,0
Southern,329890,-45.18866102,168.96183014,18/04/2020,216,0,62,154,0
Southern,329890,-45.18866102,168.96183014,19/04/2020,216,0,45,170,1
Southern,329890,-45.18866102,168.96183014,20/04/2020,216,0,36,179,1
Southern,329890,-45.18866102,168.96183014,21/04/2020,216,0,31,184,1
Southern,329890,-45.18866102,168.96183014,22/04/2020,216,0,26,188,2
Southern,329890,-45.18866102,168.96183014,23/04/2020,216,0,22,192,2
Southern,329890,-45.18866102,168.96183014,24/04/2020,216,0,21,193,2
Southern,329890,-45.18866102,168.96183014,25/04/2020,216,0,20,194,2
Southern,329890,-45.18866102,168.96183014,25/04/2020,216,0,20,194,2
Southern,329890,-45.18866102,168.96183014,25/04/2020,216,0,20,194,2
Southern,329890,-45.18866102,168.96183014,26/04/2020,216,0,16,198,2
Southern,329890,-45.18866102,168.96183014,27/04/2020,216,0,14,200,2
Southern,329890,-45.18866102,168.96183014,28/04/2020,216,0,13,201,2
Southern,329890,-45.18866102,168.96183014,29/04/2020,216,0,12,202,2
Southern,329890,-45.18866102,168.96183014,30/04/2020,216,0,9,205,2
Southern,329890,-45.18866102,168.96183014,2/05/2020,216,0,9,205,2
Southern,329890,-45.18866102,168.96183014,3/05/2020,216,0,9,205,2
Southern,329890,-45.18866102,168.96183014,4/05/2020,216,0,9,205,2
Southern,329890,-45.18866102,168.96183014,5/05/2020,216,0,9,205,2
Southern,329890,-45.18866102,168.96183014,6/05/2020,216,0,9,205,2
Southern,329890,-45.18866102,168.96183014,7/05/2020,216,0,7,207,2
Southern,329890,-45.18866102,168.96183014,8/05/2020,216,0,8,206,2
Southern,329890,-45.18866102,168.96183014,9/05/2020,216,0,6,208,2
Southern,329890,-45.18866102,168.96183014,10/05/2020,216,0,7,207,2
Southern,329890,-45.18866102,168.96183014,11/05/2020,216,0,7,207,2
Southern,329890,-45.18866102,168.96183014,12/05/2020,216,0,7,207,2
Southern,329890,-45.18866102,168.96183014,13/05/2020,216,0,7,207,2
Southern,329890,-45.18866102,168.96183014,14/05/2020,216,0,0,214,2
Tairāwhiti,49050,-38.3636801,178.028489,28/05/2020,0,0,,,
Tairāwhiti,49050,-38.3636801,178.028489,26/03/2020,1,1,,,
Tairāwhiti,49050,-38.3636801,178.028489,27/03/2020,1,0,,,
Tairāwhiti,49050,-38.3636801,178.028489,28/03/2020,1,0,,,
Tairāwhiti,49050,-38.3636801,178.028489,29/03/2020,1,0,,,
Tairāwhiti,49050,-38.3636801,178.028489,30/03/2020,1,0,,,
Tairāwhiti,49050,-38.3636801,178.028489,31/03/2020,1,0,,,
Tairāwhiti,49050,-38.3636801,178.028489,1/04/2020,1,0,,,
Tairāwhiti,49050,-38.3636801,178.028489,2/04/2020,1,0,,,
Tairāwhiti,49050,-38.3636801,178.028489,3/04/2020,1,0,,,
Tairāwhiti,49050,-38.3636801,178.028489,4/04/2020,1,0,,,
Tairāwhiti,49050,-38.3636801,178.028489,5/04/2020,1,0,,,
Tairāwhiti,49050,-38.3636801,178.028489,6/04/2020,1,0,,,
Tairāwhiti,49050,-38.3636801,178.028489,7/04/2020,1,0,,,
Tairāwhiti,49050,-38.3636801,178.028489,8/04/2020,1,0,,,
Tairāwhiti,49050,-38.3636801,178.028489,9/04/2020,1,0,,,
Tairāwhiti,49050,-38.3636801,178.028489,10/04/2020,1,0,,,
Tairāwhiti,49050,-38.3636801,178.028489,11/04/2020,1,0,,,
Tairāwhiti,49050,-38.3636801,178.028489,12/04/2020,1,0,,,
Tairāwhiti,49050,-38.3636801,178.028489,13/04/2020,3,2,,,
Tairāwhiti,49050,-38.3636801,178.028489,14/04/2020,3,0,,,
Tairāwhiti,49050,-38.3636801,178.028489,15/04/2020,4,1,4,0,0
Tairāwhiti,49050,-38.3636801,178.028489,16/04/2020,4,0,3,1,0
Tairāwhiti,49050,-38.3636801,178.028489,17/04/2020,4,0,3,1,0
Tairāwhiti,49050,-38.3636801,178.028489,18/04/2020,4,0,4,0,0
Tairāwhiti,49050,-38.3636801,178.028489,19/04/2020,4,0,3,1,0
Tairāwhiti,49050,-38.3636801,178.028489,20/04/2020,4,0,3,1,0
Tairāwhiti,49050,-38.3636801,178.028489,21/04/2020,4,0,3,1,0
Tairāwhiti,49050,-38.3636801,178.028489,22/04/2020,4,0,1,3,0
Tairāwhiti,49050,-38.3636801,178.028489,23/04/2020,4,0,1,3,0
Tairāwhiti,49050,-38.3636801,178.028489,24/04/2020,4,0,1,3,0
Tairāwhiti,49050,-38.3636801,178.028489,25/04/2020,4,0,1,3,0
Tairāwhiti,49050,-38.3636801,178.028489,25/04/2020,4,0,1,3,0
Tairāwhiti,49050,-38.3636801,178.028489,25/04/2020,4,0,1,3,0
Tairāwhiti,49050,-38.3636801,178.028489,26/04/2020,4,0,1,3,0
Tairāwhiti,49050,-38.3636801,178.028489,27/04/2020,4,0,0,4,0
Tairāwhiti,49050,-38.3636801,178.028489,28/04/2020,4,0,0,4,0
Tairāwhiti,49050,-38.3636801,178.028489,29/04/2020,4,0,0,4,0
Tairāwhiti,49050,-38.3636801,178.028489,30/04/2020,4,0,0,4,0
Tairāwhiti,49050,-38.3636801,178.028489,2/05/2020,4,0,0,4,0
Tairāwhiti,49050,-38.3636801,178.028489,3/05/2020,4,0,0,4,0
Tairāwhiti,49050,-38.3636801,178.028489,4/05/2020,4,0,0,4,0
Tairāwhiti,49050,-38.3636801,178.028489,5/05/2020,4,0,0,4,0
Tairāwhiti,49050,-38.3636801,178.028489,6/05/2020,4,0,0,4,0
Tairāwhiti,49050,-38.3636801,178.028489,7/05/2020,4,0,0,4,0
Tairāwhiti,49050,-38.3636801,178.028489,8/05/2020,4,0,0,4,0
Tairāwhiti,49050,-38.3636801,178.028489,9/05/2020,4,0,0,4,0
Tairāwhiti,49050,-38.3636801,178.028489,10/05/2020,4,0,0,4,0
Tairāwhiti,49050,-38.3636801,178.028489,11/05/2020,4,0,0,4,0
Tairāwhiti,49050,-38.3636801,178.028489,12/05/2020,4,0,0,4,0
Tairāwhiti,49050,-38.3636801,178.028489,13/05/2020,4,0,0,4,0
Tairāwhiti,49050,-38.3636801,178.028489,14/05/2020,4,0,0,4,0
Taranaki,120050,-39.2711067,174.154795,28/05/2020,6,0,,,
Taranaki,120050,-39.2711067,174.154795,26/03/2020,6,0,,,
Taranaki,120050,-39.2711067,174.154795,27/03/2020,8,2,,,
Taranaki,120050,-39.2711067,174.154795,28/03/2020,11,3,,,
Taranaki,120050,-39.2711067,174.154795,29/03/2020,11,0,,,
Taranaki,120050,-39.2711067,174.154795,30/03/2020,13,2,,,
Taranaki,120050,-39.2711067,174.154795,31/03/2020,14,1,,,
Taranaki,120050,-39.2711067,174.154795,1/04/2020,14,0,,,
Taranaki,120050,-39.2711067,174.154795,2/04/2020,14,0,,,
Taranaki,120050,-39.2711067,174.154795,3/04/2020,14,0,,,
Taranaki,120050,-39.2711067,174.154795,4/04/2020,14,0,,,
Taranaki,120050,-39.2711067,174.154795,5/04/2020,14,0,,,
Taranaki,120050,-39.2711067,174.154795,6/04/2020,14,0,,,
Taranaki,120050,-39.2711067,174.154795,7/04/2020,14,0,,,
Taranaki,120050,-39.2711067,174.154795,8/04/2020,14,0,,,
Taranaki,120050,-39.2711067,174.154795,9/04/2020,14,0,,,
Taranaki,120050,-39.2711067,174.154795,10/04/2020,14,0,,,
Taranaki,120050,-39.2711067,174.154795,11/04/2020,14,0,,,
Taranaki,120050,-39.2711067,174.154795,12/04/2020,14,0,,,
Taranaki,120050,-39.2711067,174.154795,13/04/2020,14,0,,,
Taranaki,120050,-39.2711067,174.154795,14/04/2020,14,0,,,
Taranaki,120050,-39.2711067,174.154795,15/04/2020,14,0,3,11,0
Taranaki,120050,-39.2711067,174.154795,16/04/2020,14,0,3,11,0
Taranaki,120050,-39.2711067,174.154795,17/04/2020,14,0,3,11,0
Taranaki,120050,-39.2711067,174.154795,18/04/2020,14,0,3,11,0
Taranaki,120050,-39.2711067,174.154795,19/04/2020,14,0,3,11,0
Taranaki,120050,-39.2711067,174.154795,20/04/2020,14,0,3,11,0
Taranaki,120050,-39.2711067,174.154795,21/04/2020,14,0,2,12,0
Taranaki,120050,-39.2711067,174.154795,22/04/2020,14,0,2,12,0
Taranaki,120050,-39.2711067,174.154795,23/04/2020,14,0,2,12,0
Taranaki,120050,-39.2711067,174.154795,24/04/2020,14,0,2,12,0
Taranaki,120050,-39.2711067,174.154795,25/04/2020,15,1,3,12,0
Taranaki,120050,-39.2711067,174.154795,25/04/2020,15,1,3,12,0
Taranaki,120050,-39.2711067,174.154795,25/04/2020,15,1,3,12,0
Taranaki,120050,-39.2711067,174.154795,26/04/2020,16,1,4,12,0
Taranaki,120050,-39.2711067,174.154795,27/04/2020,16,0,4,12,0
Taranaki,120050,-39.2711067,174.154795,28/04/2020,16,0,3,13,0
Taranaki,120050,-39.2711067,174.154795,29/04/2020,16,0,2,14,0
Taranaki,120050,-39.2711067,174.154795,30/04/2020,16,0,2,14,0
Taranaki,120050,-39.2711067,174.154795,2/05/2020,16,0,2,14,0
Taranaki,120050,-39.2711067,174.154795,3/05/2020,16,0,2,14,0
Taranaki,120050,-39.2711067,174.154795,4/05/2020,16,0,0,16,0
Taranaki,120050,-39.2711067,174.154795,5/05/2020,16,0,0,16,0
Taranaki,120050,-39.2711067,174.154795,6/05/2020,16,0,0,16,0
Taranaki,120050,-39.2711067,174.154795,7/05/2020,16,0,0,16,0
Taranaki,120050,-39.2711067,174.154795,8/05/2020,16,0,0,16,0
Taranaki,120050,-39.2711067,174.154795,9/05/2020,16,0,0,16,0
Taranaki,120050,-39.2711067,174.154795,10/05/2020,16,0,0,16,0
Taranaki,120050,-39.2711067,174.154795,11/05/2020,16,0,0,16,0
Taranaki,120050,-39.2711067,174.154795,12/05/2020,16,0,0,16,0
Taranaki,120050,-39.2711067,174.154795,13/05/2020,16,0,0,16,0
Taranaki,120050,-39.2711067,174.154795,14/05/2020,16,0,0,16,0
Waikato,419890,-37.97922725,175.20103232,28/05/2020,34,0,,,
Waikato,419890,-37.97922725,175.20103232,26/03/2020,45,11,,,
Waikato,419890,-37.97922725,175.20103232,27/03/2020,58,13,,,
Waikato,419890,-37.97922725,175.20103232,28/03/2020,63,5,,,
Waikato,419890,-37.97922725,175.20103232,29/03/2020,76,13,,,
Waikato,419890,-37.97922725,175.20103232,30/03/2020,81,5,,,
Waikato,419890,-37.97922725,175.20103232,31/03/2020,91,10,,,
Waikato,419890,-37.97922725,175.20103232,1/04/2020,125,34,,,
Waikato,419890,-37.97922725,175.20103232,2/04/2020,125,0,,,
Waikato,419890,-37.97922725,175.20103232,3/04/2020,136,11,,,
Waikato,419890,-37.97922725,175.20103232,4/04/2020,146,10,,,
Waikato,419890,-37.97922725,175.20103232,5/04/2020,147,1,,,
Waikato,419890,-37.97922725,175.20103232,6/04/2020,156,9,,,
Waikato,419890,-37.97922725,175.20103232,7/04/2020,159,3,,,
Waikato,419890,-37.97922725,175.20103232,8/04/2020,163,4,,,
Waikato,419890,-37.97922725,175.20103232,9/04/2020,166,7,,,
Waikato,419890,-37.97922725,175.20103232,10/04/2020,167,1,,,
Waikato,419890,-37.97922725,175.20103232,11/04/2020,176,9,,,
Waikato,419890,-37.97922725,175.20103232,12/04/2020,177,1,,,
Waikato,419890,-37.97922725,175.20103232,13/04/2020,177,0,,,
Waikato,419890,-37.97922725,175.20103232,14/04/2020,179,2,,,
Waikato,419890,-37.97922725,175.20103232,15/04/2020,182,3,106,76,0
Waikato,419890,-37.97922725,175.20103232,16/04/2020,183,1,102,80,1
Waikato,419890,-37.97922725,175.20103232,17/04/2020,183,0,98,84,1
Waikato,419890,-37.97922725,175.20103232,18/04/2020,184,1,90,93,1
Waikato,419890,-37.97922725,175.20103232,19/04/2020,185,1,87,97,1
Waikato,419890,-37.97922725,175.20103232,20/04/2020,185,0,84,100,1
Waikato,419890,-37.97922725,175.20103232,21/04/2020,185,0,77,107,1
Waikato,419890,-37.97922725,175.20103232,22/04/2020,186,1,71,114,1
Waikato,419890,-37.97922725,175.20103232,23/04/2020,189,3,73,115,1
Waikato,419890,-37.97922725,175.20103232,24/04/2020,191,2,67,123,1
Waikato,419890,-37.97922725,175.20103232,25/04/2020,192,1,56,135,1
Waikato,419890,-37.97922725,175.20103232,25/04/2020,192,1,56,135,1
Waikato,419890,-37.97922725,175.20103232,25/04/2020,192,1,56,135,1
Waikato,419890,-37.97922725,175.20103232,26/04/2020,186,-6,48,137,1
Waikato,419890,-37.97922725,175.20103232,27/04/2020,186,0,43,142,1
Waikato,419890,-37.97922725,175.20103232,28/04/2020,187,1,40,146,1
Waikato,419890,-37.97922725,175.20103232,29/04/2020,186,-1,37,148,1
Waikato,419890,-37.97922725,175.20103232,30/04/2020,186,0,35,150,1
Waikato,419890,-37.97922725,175.20103232,2/05/2020,186,0,34,151,1
Waikato,419890,-37.97922725,175.20103232,3/05/2020,186,0,33,152,1
Waikato,419890,-37.97922725,175.20103232,4/05/2020,186,0,21,164,1
Waikato,419890,-37.97922725,175.20103232,5/05/2020,186,0,19,166,1
Waikato,419890,-37.97922725,175.20103232,6/05/2020,187,1,20,166,1
Waikato,419890,-37.97922725,175.20103232,7/05/2020,187,0,19,167,1
Waikato,419890,-37.97922725,175.20103232,8/05/2020,187,0,16,170,1
Waikato,419890,-37.97922725,175.20103232,9/05/2020,187,0,16,170,1
Waikato,419890,-37.97922725,175.20103232,10/05/2020,188,1,15,172,1
Waikato,419890,-37.97922725,175.20103232,11/05/2020,188,0,13,174,1
Waikato,419890,-37.97922725,175.20103232,12/05/2020,188,0,13,174,1
Waikato,419890,-37.97922725,175.20103232,13/05/2020,188,0,6,181,1
Waikato,419890,-37.97922725,175.20103232,14/05/2020,188,0,0,187,1
Wairarapa,44905,-41.13617985,175.81969019,28/05/2020,5,0,,,
Wairarapa,44905,-41.13617985,175.81969019,26/03/2020,5,0,,,
Wairarapa,44905,-41.13617985,175.81969019,27/03/2020,5,0,,,
Wairarapa,44905,-41.13617985,175.81969019,28/03/2020,5,0,,,
Wairarapa,44905,-41.13617985,175.81969019,29/03/2020,5,0,,,
Wairarapa,44905,-41.13617985,175.81969019,30/03/2020,5,0,,,
Wairarapa,44905,-41.13617985,175.81969019,31/03/2020,6,1,,,
Wairarapa,44905,-41.13617985,175.81969019,1/04/2020,8,2,,,
Wairarapa,44905,-41.13617985,175.81969019,2/04/2020,8,0,,,
Wairarapa,44905,-41.13617985,175.81969019,3/04/2020,8,0,,,
Wairarapa,44905,-41.13617985,175.81969019,4/04/2020,8,0,,,
Wairarapa,44905,-41.13617985,175.81969019,5/04/2020,8,0,,,
Wairarapa,44905,-41.13617985,175.81969019,6/04/2020,8,0,,,
Wairarapa,44905,-41.13617985,175.81969019,7/04/2020,8,0,,,
Wairarapa,44905,-41.13617985,175.81969019,8/04/2020,8,0,,,
Wairarapa,44905,-41.13617985,175.81969019,9/04/2020,8,0,,,
Wairarapa,44905,-41.13617985,175.81969019,10/04/2020,9,1,,,
Wairarapa,44905,-41.13617985,175.81969019,11/04/2020,8,-1,,,
Wairarapa,44905,-41.13617985,175.81969019,12/04/2020,8,0,,,
Wairarapa,44905,-41.13617985,175.81969019,13/04/2020,8,0,,,
Wairarapa,44905,-41.13617985,175.81969019,14/04/2020,8,0,,,
Wairarapa,44905,-41.13617985,175.81969019,15/04/2020,8,0,0,8,0
Wairarapa,44905,-41.13617985,175.81969019,16/04/2020,8,0,0,8,0
Wairarapa,44905,-41.13617985,175.81969019,17/04/2020,8,0,0,8,0
Wairarapa,44905,-41.13617985,175.81969019,18/04/2020,8,0,0,8,0
Wairarapa,44905,-41.13617985,175.81969019,19/04/2020,8,0,0,8,0
Wairarapa,44905,-41.13617985,175.81969019,20/04/2020,8,0,0,8,0
Wairarapa,44905,-41.13617985,175.81969019,21/04/2020,8,0,0,8,0
Wairarapa,44905,-41.13617985,175.81969019,22/04/2020,8,0,0,8,0
Wairarapa,44905,-41.13617985,175.81969019,23/04/2020,8,0,0,8,0
Wairarapa,44905,-41.13617985,175.81969019,24/04/2020,8,0,0,8,0
Wairarapa,44905,-41.13617985,175.81969019,25/04/2020,8,0,0,8,0
Wairarapa,44905,-41.13617985,175.81969019,25/04/2020,8,0,0,8,0
Wairarapa,44905,-41.13617985,175.81969019,25/04/2020,8,0,0,8,0
Wairarapa,44905,-41.13617985,175.81969019,26/04/2020,8,0,0,8,0
Wairarapa,44905,-41.13617985,175.81969019,27/04/2020,8,0,0,8,0
Wairarapa,44905,-41.13617985,175.81969019,28/04/2020,8,0,0,8,0
Wairarapa,44905,-41.13617985,175.81969019,29/04/2020,8,0,0,8,0
Wairarapa,44905,-41.13617985,175.81969019,30/04/2020,8,0,0,8,0
Wairarapa,44905,-41.13617985,175.81969019,2/05/2020,8,0,0,8,0
Wairarapa,44905,-41.13617985,175.81969019,3/05/2020,8,0,0,8,0
Wairarapa,44905,-41.13617985,175.81969019,4/05/2020,8,0,0,8,0
Wairarapa,44905,-41.13617985,175.81969019,5/05/2020,8,0,0,8,0
Wairarapa,44905,-41.13617985,175.81969019,6/05/2020,8,0,0,8,0
Wairarapa,44905,-41.13617985,175.81969019,7/05/2020,8,0,0,8,0
Wairarapa,44905,-41.13617985,175.81969019,8/05/2020,8,0,0,8,0
Wairarapa,44905,-41.13617985,175.81969019,9/05/2020,8,0,0,8,0
Wairarapa,44905,-41.13617985,175.81969019,10/05/2020,8,0,0,8,0
Wairarapa,44905,-41.13617985,175.81969019,11/05/2020,8,0,0,8,0
Wairarapa,44905,-41.13617985,175.81969019,12/05/2020,8,0,0,8,0
Wairarapa,44905,-41.13617985,175.81969019,13/05/2020,8,0,0,8,0
Wairarapa,44905,-41.13617985,175.81969019,14/05/2020,8,0,0,8,0
Waitemata,628970,-36.38761573,174.4926559,28/05/2020,30,0,,,
Waitemata,628970,-36.38761573,174.4926559,26/03/2020,47,17,,,
Waitemata,628970,-36.38761573,174.4926559,27/03/2020,54,7,,,
Waitemata,628970,-36.38761573,174.4926559,28/03/2020,64,10,,,
Waitemata,628970,-36.38761573,174.4926559,29/03/2020,78,14,,,
Waitemata,628970,-36.38761573,174.4926559,30/03/2020,86,8,,,
Waitemata,628970,-36.38761573,174.4926559,31/03/2020,98,12,,,
Waitemata,628970,-36.38761573,174.4926559,1/04/2020,117,19,,,
Waitemata,628970,-36.38761573,174.4926559,2/04/2020,117,0,,,
Waitemata,628970,-36.38761573,174.4926559,3/04/2020,129,12,,,
Waitemata,628970,-36.38761573,174.4926559,4/04/2020,145,16,,,
Waitemata,628970,-36.38761573,174.4926559,5/04/2020,157,12,,,
Waitemata,628970,-36.38761573,174.4926559,6/04/2020,160,3,,,
Waitemata,628970,-36.38761573,174.4926559,7/04/2020,169,9,,,
Waitemata,628970,-36.38761573,174.4926559,8/04/2020,171,2,,,
Waitemata,628970,-36.38761573,174.4926559,9/04/2020,176,5,,,
Waitemata,628970,-36.38761573,174.4926559,10/04/2020,183,7,,,
Waitemata,628970,-36.38761573,174.4926559,11/04/2020,192,9,,,
Waitemata,628970,-36.38761573,174.4926559,12/04/2020,195,3,,,
Waitemata,628970,-36.38761573,174.4926559,13/04/2020,200,5,,,
Waitemata,628970,-36.38761573,174.4926559,14/04/2020,201,1,,,
Waitemata,628970,-36.38761573,174.4926559,15/04/2020,205,4,105,100,0
Waitemata,628970,-36.38761573,174.4926559,16/04/2020,206,1,98,107,1
Waitemata,628970,-36.38761573,174.4926559,17/04/2020,206,0,86,120,0
Waitemata,628970,-36.38761573,174.4926559,18/04/2020,211,5,84,127,0
Waitemata,628970,-36.38761573,174.4926559,19/04/2020,212,1,74,138,0
Waitemata,628970,-36.38761573,174.4926559,20/04/2020,212,0,71,140,1
Waitemata,628970,-36.38761573,174.4926559,21/04/2020,212,0,69,142,1
Waitemata,628970,-36.38761573,174.4926559,22/04/2020,212,0,62,149,1
Waitemata,628970,-36.38761573,174.4926559,23/04/2020,215,3,56,158,1
Waitemata,628970,-36.38761573,174.4926559,24/04/2020,219,4,52,165,2
Waitemata,628970,-36.38761573,174.4926559,25/04/2020,220,1,53,165,2
Waitemata,628970,-36.38761573,174.4926559,25/04/2020,220,1,53,165,2
Waitemata,628970,-36.38761573,174.4926559,25/04/2020,220,1,53,165,2
Waitemata,628970,-36.38761573,174.4926559,26/04/2020,222,2,46,174,2
Waitemata,628970,-36.38761573,174.4926559,27/04/2020,223,1,39,181,3
Waitemata,628970,-36.38761573,174.4926559,28/04/2020,223,0,36,184,3
Waitemata,628970,-36.38761573,174.4926559,29/04/2020,223,0,35,185,3
Waitemata,628970,-36.38761573,174.4926559,30/04/2020,226,2,35,188,3
Waitemata,628970,-36.38761573,174.4926559,2/05/2020,228,2,36,189,3
Waitemata,628970,-36.38761573,174.4926559,3/05/2020,228,0,33,192,3
Waitemata,628970,-36.38761573,174.4926559,4/05/2020,228,0,33,192,3
Waitemata,628970,-36.38761573,174.4926559,5/05/2020,229,1,30,196,3
Waitemata,628970,-36.38761573,174.4926559,6/05/2020,229,0,30,196,3
Waitemata,628970,-36.38761573,174.4926559,7/05/2020,230,1,29,198,3
Waitemata,628970,-36.38761573,174.4926559,8/05/2020,232,2,26,203,3
Waitemata,628970,-36.38761573,174.4926559,9/05/2020,233,1,27,203,3
Waitemata,628970,-36.38761573,174.4926559,10/05/2020,234,1,23,208,3
Waitemata,628970,-36.38761573,174.4926559,11/05/2020,234,0,19,212,3
Waitemata,628970,-36.38761573,174.4926559,12/05/2020,234,0,19,212,3
Waitemata,628970,-36.38761573,174.4926559,13/05/2020,235,1,20,212,0
Waitemata,628970,-36.38761573,174.4926559,14/05/2020,236,0,5,227,4
West Coast,32410,-42.46628071,171.66137695,28/05/2020,1,0,,,
West Coast,32410,-42.46628071,171.66137695,26/03/2020,1,0,,,
West Coast,32410,-42.46628071,171.66137695,27/03/2020,2,1,,,
West Coast,32410,-42.46628071,171.66137695,28/03/2020,3,1,,,
West Coast,32410,-42.46628071,171.66137695,29/03/2020,3,0,,,
West Coast,32410,-42.46628071,171.66137695,30/03/2020,3,0,,,
West Coast,32410,-42.46628071,171.66137695,31/03/2020,3,0,,,
West Coast,32410,-42.46628071,171.66137695,1/04/2020,3,0,,,
West Coast,32410,-42.46628071,171.66137695,2/04/2020,3,0,,,
West Coast,32410,-42.46628071,171.66137695,3/04/2020,4,1,,,
West Coast,32410,-42.46628071,171.66137695,4/04/2020,4,0,,,
West Coast,32410,-42.46628071,171.66137695,5/04/2020,4,0,,,
West Coast,32410,-42.46628071,171.66137695,6/04/2020,4,0,,,
West Coast,32410,-42.46628071,171.66137695,7/04/2020,4,0,,,
West Coast,32410,-42.46628071,171.66137695,8/04/2020,5,1,,,
West Coast,32410,-42.46628071,171.66137695,9/04/2020,5,0,,,
West Coast,32410,-42.46628071,171.66137695,10/04/2020,5,0,,,
West Coast,32410,-42.46628071,171.66137695,11/04/2020,5,0,,,
West Coast,32410,-42.46628071,171.66137695,12/04/2020,5,0,,,
West Coast,32410,-42.46628071,171.66137695,13/04/2020,5,0,,,
West Coast,32410,-42.46628071,171.66137695,14/04/2020,5,0,,,
West Coast,32410,-42.46628071,171.66137695,15/04/2020,5,0,2,2,1
West Coast,32410,-42.46628071,171.66137695,16/04/2020,5,0,3,2,0
West Coast,32410,-42.46628071,171.66137695,17/04/2020,5,0,2,2,1
West Coast,32410,-42.46628071,171.66137695,18/04/2020,5,0,1,3,1
West Coast,32410,-42.46628071,171.66137695,19/04/2020,5,0,1,3,1
West Coast,32410,-42.46628071,171.66137695,20/04/2020,5,0,1,3,1
West Coast,32410,-42.46628071,171.66137695,21/04/2020,5,0,0,4,1
West Coast,32410,-42.46628071,171.66137695,22/04/2020,5,0,0,4,1
West Coast,32410,-42.46628071,171.66137695,23/04/2020,5,0,0,4,1
West Coast,32410,-42.46628071,171.66137695,24/04/2020,5,0,0,4,1
West Coast,32410,-42.46628071,171.66137695,25/04/2020,5,0,0,4,1
West Coast,32410,-42.46628071,171.66137695,25/04/2020,5,0,0,4,1
West Coast,32410,-42.46628071,171.66137695,25/04/2020,5,0,0,4,1
West Coast,32410,-42.46628071,171.66137695,26/04/2020,5,0,0,4,1
West Coast,32410,-42.46628071,171.66137695,27/04/2020,5,0,0,4,1
West Coast,32410,-42.46628071,171.66137695,28/04/2020,5,0,0,4,1
West Coast,32410,-42.46628071,171.66137695,29/04/2020,5,0,0,4,1
West Coast,32410,-42.46628071,171.66137695,30/04/2020,5,0,0,4,1
West Coast,32410,-42.46628071,171.66137695,2/05/2020,5,0,0,4,1
West Coast,32410,-42.46628071,171.66137695,3/05/2020,5,0,0,4,1
West Coast,32410,-42.46628071,171.66137695,4/05/2020,5,0,0,4,1
West Coast,32410,-42.46628071,171.66137695,5/05/2020,5,0,0,4,1
West Coast,32410,-42.46628071,171.66137695,6/05/2020,5,0,0,4,1
West Coast,32410,-42.46628071,171.66137695,7/05/2020,5,0,0,4,1
West Coast,32410,-42.46628071,171.66137695,8/05/2020,5,0,0,4,1
West Coast,32410,-42.46628071,171.66137695,9/05/2020,5,0,0,4,1
West Coast,32410,-42.46628071,171.66137695,10/05/2020,5,0,0,4,1
West Coast,32410,-42.46628071,171.66137695,11/05/2020,5,0,0,4,1
West Coast,32410,-42.46628071,171.66137695,12/05/2020,5,0,0,4,1
West Coast,32410,-42.46628071,171.66137695,13/05/2020,5,0,0,4,1
West Coast,32410,-42.46628071,171.66137695,14/05/2020,5,0,0,4,1
Whanganui,64550,-39.73831335,175.33173323,28/05/2020,0,0,,,
Whanganui,64550,-39.73831335,175.33173323,26/03/2020,0,0,,,
Whanganui,64550,-39.73831335,175.33173323,27/03/2020,3,3,,,
Whanganui,64550,-39.73831335,175.33173323,28/03/2020,3,0,,,
Whanganui,64550,-39.73831335,175.33173323,29/03/2020,3,0,,,
Whanganui,64550,-39.73831335,175.33173323,30/03/2020,3,0,,,
Whanganui,64550,-39.73831335,175.33173323,31/03/2020,3,0,,,
Whanganui,64550,-39.73831335,175.33173323,1/04/2020,7,4,,,
Whanganui,64550,-39.73831335,175.33173323,2/04/2020,7,0,,,
Whanganui,64550,-39.73831335,175.33173323,3/04/2020,7,0,,,
Whanganui,64550,-39.73831335,175.33173323,4/04/2020,8,1,,,
Whanganui,64550,-39.73831335,175.33173323,5/04/2020,8,0,,,
Whanganui,64550,-39.73831335,175.33173323,6/04/2020,7,-1,,,
Whanganui,64550,-39.73831335,175.33173323,7/04/2020,7,0,,,
Whanganui,64550,-39.73831335,175.33173323,8/04/2020,7,0,,,
Whanganui,64550,-39.73831335,175.33173323,9/04/2020,7,0,,,
Whanganui,64550,-39.73831335,175.33173323,10/04/2020,7,0,,,
Whanganui,64550,-39.73831335,175.33173323,11/04/2020,7,0,,,
Whanganui,64550,-39.73831335,175.33173323,12/04/2020,7,0,,,
Whanganui,64550,-39.73831335,175.33173323,13/04/2020,7,0,,,
Whanganui,64550,-39.73831335,175.33173323,14/04/2020,7,0,,,
Whanganui,64550,-39.73831335,175.33173323,15/04/2020,7,0,3,4,0
Whanganui,64550,-39.73831335,175.33173323,16/04/2020,7,0,3,4,0
Whanganui,64550,-39.73831335,175.33173323,17/04/2020,8,1,4,4,0
Whanganui,64550,-39.73831335,175.33173323,18/04/2020,8,0,1,7,0
Whanganui,64550,-39.73831335,175.33173323,19/04/2020,8,0,1,7,0
Whanganui,64550,-39.73831335,175.33173323,20/04/2020,9,1,2,7,0
Whanganui,64550,-39.73831335,175.33173323,21/04/2020,9,0,2,7,0
Whanganui,64550,-39.73831335,175.33173323,22/04/2020,9,0,2,7,0
Whanganui,64550,-39.73831335,175.33173323,23/04/2020,9,0,2,7,0
Whanganui,64550,-39.73831335,175.33173323,24/04/2020,9,0,2,7,0
Whanganui,64550,-39.73831335,175.33173323,25/04/2020,9,0,2,7,0
Whanganui,64550,-39.73831335,175.33173323,25/04/2020,9,0,2,7,0
Whanganui,64550,-39.73831335,175.33173323,25/04/2020,9,0,2,7,0
Whanganui,64550,-39.73831335,175.33173323,26/04/2020,9,0,0,9,0
Whanganui,64550,-39.73831335,175.33173323,27/04/2020,9,0,0,9,0
Whanganui,64550,-39.73831335,175.33173323,28/04/2020,9,0,0,9,0
Whanganui,64550,-39.73831335,175.33173323,29/04/2020,9,0,0,9,0
Whanganui,64550,-39.73831335,175.33173323,30/04/2020,9,0,0,9,0
Whanganui,64550,-39.73831335,175.33173323,2/05/2020,9,0,0,9,0
Whanganui,64550,-39.73831335,175.33173323,3/05/2020,9,0,0,9,0
Whanganui,64550,-39.73831335,175.33173323,4/05/2020,9,0,0,9,0
Whanganui,64550,-39.73831335,175.33173323,5/05/2020,9,0,0,9,0
Whanganui,64550,-39.73831335,175.33173323,6/05/2020,9,0,0,9,0
Whanganui,64550,-39.73831335,175.33173323,7/05/2020,9,0,0,9,0
Whanganui,64550,-39.73831335,175.33173323,8/05/2020,9,0,0,9,0
Whanganui,64550,-39.73831335,175.33173323,9/05/2020,9,0,0,9,0
Whanganui,64550,-39.73831335,175.33173323,10/05/2020,9,0,0,9,0
Whanganui,64550,-39.73831335,175.33173323,11/05/2020,9,0,0,9,0
Whanganui,64550,-39.73831335,175.33173323,12/05/2020,9,0,0,9,0
Whanganui,64550,-39.73831335,175.33173323,13/05/2020,9,0,0,9,0
Whanganui,64550,-39.73831335,175.33173323,14/05/2020,9,0,0,9,0
